drawing_id,metric,pre,post,diff,pct_change
72f5e976-4b2d-41b5-8586-478241320cdf,100XNor-power,4.20482,0.0,-4.20482,-100.0
72f5e976-4b2d-41b5-8586-478241320cdf,Pressure Power,0.185575,0.0,-0.185575,-100.0
72f5e976-4b2d-41b5-8586-478241320cdf,slope_2,-0.0395032,-2568.23,-2568.1904968,-6501221.411936248
72f5e976-4b2d-41b5-8586-478241320cdf,R hemi-pr,1.2726,1.04251,-0.2300899999999999,-18.080308030803074
72f5e976-4b2d-41b5-8586-478241320cdf,2nd order sm,-3.17918,10.708,13.88718,436.81641177913804
72f5e976-4b2d-41b5-8586-478241320cdf,Ang Sp Freq,6.53811,86.0946,79.55649,1216.8117391723297
72f5e976-4b2d-41b5-8586-478241320cdf,3rd quad average median,0.0185774,0.0,-0.0185774,-100.0
72f5e976-4b2d-41b5-8586-478241320cdf,Speed mean slope,-0.0424929,-615.981,-615.9385071,-1449509.2288358763
72f5e976-4b2d-41b5-8586-478241320cdf,tightness (Lf),47.5844,0.0,-47.5844,-100.0
72f5e976-4b2d-41b5-8586-478241320cdf,tightness (Rt),55.6108,0.0,-55.6108,-100.0
72f5e976-4b2d-41b5-8586-478241320cdf,tightness (Lw),53.1923,0.0,-53.1923,-100.0
72f5e976-4b2d-41b5-8586-478241320cdf,Cal Tremor,1.0,0.0,-1.0,-100.0
72f5e976-4b2d-41b5-8586-478241320cdf,Tightness,45.1053,0.00137176,-45.10392824,-99.99695876094384
72f5e976-4b2d-41b5-8586-478241320cdf,Catgo,2.0,1.0,-1.0,-50.0
72f5e976-4b2d-41b5-8586-478241320cdf,tightness (Rt-Lf),8.02638,0.0,-8.02638,-100.0
72f5e976-4b2d-41b5-8586-478241320cdf,slope_1,0.243346,-4253.33,-4253.573346,-1747952.8514954017
72f5e976-4b2d-41b5-8586-478241320cdf,2nd quad average median,0.0175709,0.0,-0.0175709,-100.0
72f5e976-4b2d-41b5-8586-478241320cdf,X Power,6.54359e-09,0.268385,0.26838499345641,4101494645.239234
72f5e976-4b2d-41b5-8586-478241320cdf,ratio,-1.32467,-0.207633,1.117037,84.32568111303192
72f5e976-4b2d-41b5-8586-478241320cdf,X Freq,1.06023,104.335,103.27476999999999,9740.789262707147
72f5e976-4b2d-41b5-8586-478241320cdf,Residue theta-r,0.301075,0.228933,-0.07214199999999998,-23.961471394170882
72f5e976-4b2d-41b5-8586-478241320cdf,tightness (Up),53.2347,0.0,-53.2347,-100.0
72f5e976-4b2d-41b5-8586-478241320cdf,Speed Power,0.00408506,267137.0,267136.99591494,6539365294.877922
72f5e976-4b2d-41b5-8586-478241320cdf,Pressure Freq,8.74805,0.0,-8.74805,-100.0
72f5e976-4b2d-41b5-8586-478241320cdf,1st order z cr,14.4144,1.72414,-12.69026,-88.0387667887668
72f5e976-4b2d-41b5-8586-478241320cdf,Y Freq,1.00133,30.6439,29.64257,2960.3197746996493
72f5e976-4b2d-41b5-8586-478241320cdf,Y Power,1.2933e-08,5.26857e-09,-7.66443e-09,-59.26258408721874
72f5e976-4b2d-41b5-8586-478241320cdf,Sampling frequency,120.631,1494.25,1373.619,1138.6948628462003
72f5e976-4b2d-41b5-8586-478241320cdf,Speed mean,0.113868,4314.49,4314.376131999999,3788927.6460462986
72f5e976-4b2d-41b5-8586-478241320cdf,Convergency,30.0,0.0,-30.0,-100.0
72f5e976-4b2d-41b5-8586-478241320cdf,Residue pr-t,0.207844,0.438593,0.230749,111.0202844441023
72f5e976-4b2d-41b5-8586-478241320cdf,1st order sm,-5.25029,12.5192,17.769489999999998,338.44778097971727
72f5e976-4b2d-41b5-8586-478241320cdf,Ang Sp Power,0.000499417,0.000263109,-0.00023630800000000007,-47.316771355400405
72f5e976-4b2d-41b5-8586-478241320cdf,L hemi-pr,1.30361,1.03007,-0.2735399999999999,-20.983269536134266
72f5e976-4b2d-41b5-8586-478241320cdf,R-L hemi-pr,-0.0248086,0.00688272,0.03169132,127.74328257136638
72f5e976-4b2d-41b5-8586-478241320cdf,Speed peak,1.25652,22010.1,22008.84348,1751571.2825900104
72f5e976-4b2d-41b5-8586-478241320cdf,Residue sp-t,0.00328001,51.5251,51.521819990000004,1570782.4058463238
72f5e976-4b2d-41b5-8586-478241320cdf,Speed Freq,4.59434,22.6181,18.02376,392.3035735274272
72f5e976-4b2d-41b5-8586-478241320cdf,slope_3,-0.322352,-883.13,-882.807648,-273864.4860276964
72f5e976-4b2d-41b5-8586-478241320cdf,tightness (Up-Lw),0.0424172,0.0,-0.0424172,-100.0
72f5e976-4b2d-41b5-8586-478241320cdf,number of cycles,2.0,0.0,-2.0,-100.0
72f5e976-4b2d-41b5-8586-478241320cdf,DOS,0.01,4.0,3.99,39900.0
72f5e976-4b2d-41b5-8586-478241320cdf,R/L hemi-pr,0.976212,1.01208,0.03586800000000012,3.6742019151577856
72f5e976-4b2d-41b5-8586-478241320cdf,2nd order z cr,19.3694,14.9425,-4.426899999999998,-22.855121996551254
72f5e976-4b2d-41b5-8586-478241320cdf,Nor-power,0.0420482,0.0,-0.0420482,-100.0
36425e04-bebf-4ded-89a5-d1f871ff43dd,100XNor-power,0.842141,0.0,-0.842141,-100.0
36425e04-bebf-4ded-89a5-d1f871ff43dd,Pressure Power,0.164826,0.0,-0.164826,-100.0
36425e04-bebf-4ded-89a5-d1f871ff43dd,slope_2,0.0990614,5226.05,5225.9509386,5275466.466857929
36425e04-bebf-4ded-89a5-d1f871ff43dd,R hemi-pr,1.06514,1.04471,-0.020429999999999948,-1.9180577201119053
36425e04-bebf-4ded-89a5-d1f871ff43dd,2nd order sm,-6.99246,10.8898,17.88226,255.73632169508298
36425e04-bebf-4ded-89a5-d1f871ff43dd,Ang Sp Freq,4.82944,410.746,405.91656,8405.044063079778
36425e04-bebf-4ded-89a5-d1f871ff43dd,3rd quad average median,0.0120672,0.0,-0.0120672,-100.0
36425e04-bebf-4ded-89a5-d1f871ff43dd,Speed mean slope,0.0195709,56517.7,56517.68042909999,288784268.6289337
36425e04-bebf-4ded-89a5-d1f871ff43dd,tightness (Lf),88.1521,0.0,-88.1521,-100.0
36425e04-bebf-4ded-89a5-d1f871ff43dd,tightness (Rt),76.3092,0.0,-76.3092,-100.0
36425e04-bebf-4ded-89a5-d1f871ff43dd,tightness (Lw),80.0545,0.0,-80.0545,-100.0
36425e04-bebf-4ded-89a5-d1f871ff43dd,Cal Tremor,1.0,0.0,-1.0,-100.0
36425e04-bebf-4ded-89a5-d1f871ff43dd,Tightness,79.1577,0.000737811,-79.15696218900001,-99.9990679226405
36425e04-bebf-4ded-89a5-d1f871ff43dd,Catgo,2.0,1.0,-1.0,-50.0
36425e04-bebf-4ded-89a5-d1f871ff43dd,tightness (Rt-Lf),-11.8429,0.0,11.8429,100.0
36425e04-bebf-4ded-89a5-d1f871ff43dd,slope_1,0.421685,2134.91,2134.488315,506180.75459169765
36425e04-bebf-4ded-89a5-d1f871ff43dd,2nd quad average median,0.0132838,0.0,-0.0132838,-100.0
36425e04-bebf-4ded-89a5-d1f871ff43dd,X Power,7.71709e-09,4.73419e-07,4.6570191e-07,6034.682892126437
36425e04-bebf-4ded-89a5-d1f871ff43dd,ratio,-0.530164,3.8958,4.425964,834.829222655631
36425e04-bebf-4ded-89a5-d1f871ff43dd,X Freq,2.10739,83.1509,81.04351,3845.681625138204
36425e04-bebf-4ded-89a5-d1f871ff43dd,Residue theta-r,0.214125,0.139153,-0.07497200000000001,-35.01319322825453
36425e04-bebf-4ded-89a5-d1f871ff43dd,tightness (Up),89.8261,0.0,-89.8261,-100.0
36425e04-bebf-4ded-89a5-d1f871ff43dd,Speed Power,0.00108622,695800.0,695799.99891378,64057004926.60603
36425e04-bebf-4ded-89a5-d1f871ff43dd,Pressure Freq,2.26202,0.0,-2.26202,-100.0
36425e04-bebf-4ded-89a5-d1f871ff43dd,1st order z cr,14.4898,0.0,-14.4898,-100.0
36425e04-bebf-4ded-89a5-d1f871ff43dd,Y Freq,2.16593,84.1527,81.98676999999999,3785.291768432036
36425e04-bebf-4ded-89a5-d1f871ff43dd,Y Power,6.37284e-09,5.3787e-13,-6.37230213e-09,-99.99155996384658
36425e04-bebf-4ded-89a5-d1f871ff43dd,Sampling frequency,119.887,4103.45,3983.5629999999996,3322.764770158566
36425e04-bebf-4ded-89a5-d1f871ff43dd,Speed mean,0.0136344,10190.3,10190.286365599999,74739529.1732676
36425e04-bebf-4ded-89a5-d1f871ff43dd,Convergency,25.0,0.0,-25.0,-100.0
36425e04-bebf-4ded-89a5-d1f871ff43dd,Residue pr-t,0.204756,0.44322,0.238464,116.4625212447987
36425e04-bebf-4ded-89a5-d1f871ff43dd,1st order sm,-7.69193,14.044,21.73593,282.580964725368
36425e04-bebf-4ded-89a5-d1f871ff43dd,Ang Sp Power,6.19739e-05,2.71319e-05,-3.4842e-05,-56.22044118572496
36425e04-bebf-4ded-89a5-d1f871ff43dd,4th quad average median,0.0111644,0.0,-0.0111644,-100.0
36425e04-bebf-4ded-89a5-d1f871ff43dd,L hemi-pr,1.15563,1.00675,-0.1488799999999999,-12.883016190303117
36425e04-bebf-4ded-89a5-d1f871ff43dd,R-L hemi-pr,-0.059397,0.0211258,0.0805228,135.5671161843191
36425e04-bebf-4ded-89a5-d1f871ff43dd,Speed peak,0.520437,78486.5,78485.979563,15080783.949450174
36425e04-bebf-4ded-89a5-d1f871ff43dd,Residue sp-t,0.00244411,155.449,155.44655589,6360047.456538372
36425e04-bebf-4ded-89a5-d1f871ff43dd,Speed Freq,4.85871,119.216,114.35728999999999,2353.6553941272473
36425e04-bebf-4ded-89a5-d1f871ff43dd,slope_3,-0.223562,8317.19,8317.413562,3720405.7764736405
36425e04-bebf-4ded-89a5-d1f871ff43dd,tightness (Up-Lw),9.77164,0.0,-9.77164,-100.0
36425e04-bebf-4ded-89a5-d1f871ff43dd,number of cycles,3.0,0.0,-3.0,-100.0
36425e04-bebf-4ded-89a5-d1f871ff43dd,DOS,0.01,4.0,3.99,39900.0
36425e04-bebf-4ded-89a5-d1f871ff43dd,R/L hemi-pr,0.921698,1.03771,0.11601199999999989,12.586769202059664
36425e04-bebf-4ded-89a5-d1f871ff43dd,2nd order z cr,24.0816,12.2966,-11.785000000000002,-48.93777822071624
36425e04-bebf-4ded-89a5-d1f871ff43dd,Nor-power,0.00842141,0.0,-0.00842141,-100.0
d2ef85ef-4225-41e0-84bc-21cf6e9d6772,100XNor-power,1.51664,0.0,-1.51664,-100.0
d2ef85ef-4225-41e0-84bc-21cf6e9d6772,Pressure Power,0.199135,0.0,-0.199135,-100.0
d2ef85ef-4225-41e0-84bc-21cf6e9d6772,slope_2,0.190514,906.584,906.3934859999999,475762.1413649391
d2ef85ef-4225-41e0-84bc-21cf6e9d6772,R hemi-pr,1.33987,1.08565,-0.2542199999999999,-18.97348250203377
d2ef85ef-4225-41e0-84bc-21cf6e9d6772,2nd order sm,-6.70038,11.067,17.76738,265.1697366418024
d2ef85ef-4225-41e0-84bc-21cf6e9d6772,Ang Sp Freq,4.64718,57.6349,52.98772,1140.2123438300218
d2ef85ef-4225-41e0-84bc-21cf6e9d6772,3rd quad average median,0.0112324,0.0,-0.0112324,-100.0
d2ef85ef-4225-41e0-84bc-21cf6e9d6772,Speed mean slope,0.0378478,2644.19,2644.1521522000003,6986277.015308684
d2ef85ef-4225-41e0-84bc-21cf6e9d6772,tightness (Lf),77.3219,0.0,-77.3219,-100.0
d2ef85ef-4225-41e0-84bc-21cf6e9d6772,tightness (Rt),62.6212,0.0,-62.6212,-100.0
d2ef85ef-4225-41e0-84bc-21cf6e9d6772,tightness (Lw),65.4327,0.0,-65.4327,-100.0
d2ef85ef-4225-41e0-84bc-21cf6e9d6772,Cal Tremor,1.0,0.0,-1.0,-100.0
d2ef85ef-4225-41e0-84bc-21cf6e9d6772,Tightness,61.5625,0.000973386,-61.561526614,-99.99841886538071
d2ef85ef-4225-41e0-84bc-21cf6e9d6772,Catgo,2.0,1.0,-1.0,-50.0
d2ef85ef-4225-41e0-84bc-21cf6e9d6772,tightness (Rt-Lf),-14.7007,0.0,14.7007,100.0
d2ef85ef-4225-41e0-84bc-21cf6e9d6772,slope_1,0.415152,-58.0766,-58.491752,-14089.237676802713
d2ef85ef-4225-41e0-84bc-21cf6e9d6772,2nd quad average median,0.00993455,0.0,-0.00993455,-100.0
d2ef85ef-4225-41e0-84bc-21cf6e9d6772,X Power,3.58401e-09,4.55556,4.555559996415989,127107904174.82063
d2ef85ef-4225-41e0-84bc-21cf6e9d6772,ratio,-0.082196,32.2203,32.302496000000005,39299.35276655798
d2ef85ef-4225-41e0-84bc-21cf6e9d6772,X Freq,0.882376,83.5857,82.70332400000001,9372.798444200658
d2ef85ef-4225-41e0-84bc-21cf6e9d6772,Residue theta-r,0.254774,0.129424,-0.12535,-49.200467865637776
d2ef85ef-4225-41e0-84bc-21cf6e9d6772,tightness (Up),74.84,0.0,-74.84,-100.0
d2ef85ef-4225-41e0-84bc-21cf6e9d6772,Speed Power,0.00168175,143022.0,143021.99831825,8504355481.983052
d2ef85ef-4225-41e0-84bc-21cf6e9d6772,Pressure Freq,3.97791,0.0,-3.97791,-100.0
d2ef85ef-4225-41e0-84bc-21cf6e9d6772,1st order z cr,12.0104,0.410678,-11.599722,-96.58064677279691
d2ef85ef-4225-41e0-84bc-21cf6e9d6772,Y Freq,0.823551,25.3473,24.523749000000002,2977.8057460922278
d2ef85ef-4225-41e0-84bc-21cf6e9d6772,Y Power,3.1e-09,8.34966e-06,8.34656e-06,269243.8709677419
d2ef85ef-4225-41e0-84bc-21cf6e9d6772,Sampling frequency,120.474,1235.98,1115.506,925.9309062536315
d2ef85ef-4225-41e0-84bc-21cf6e9d6772,Speed mean,-0.00577176,2891.69,2891.69577176,50100762.53621079
d2ef85ef-4225-41e0-84bc-21cf6e9d6772,Convergency,30.0,0.0,-30.0,-100.0
d2ef85ef-4225-41e0-84bc-21cf6e9d6772,Residue pr-t,0.216878,0.380206,0.163328,75.30869889984231
d2ef85ef-4225-41e0-84bc-21cf6e9d6772,1st order sm,-6.74727,13.6381,20.38537,302.1276753412862
d2ef85ef-4225-41e0-84bc-21cf6e9d6772,Ang Sp Power,0.000116417,2.048e-05,-9.593699999999999e-05,-82.40806755027185
d2ef85ef-4225-41e0-84bc-21cf6e9d6772,L hemi-pr,1.23107,0.952285,-0.27878500000000006,-22.645747195529093
d2ef85ef-4225-41e0-84bc-21cf6e9d6772,R-L hemi-pr,0.0816773,0.0801432,-0.0015340999999999966,-1.8782452407217143
d2ef85ef-4225-41e0-84bc-21cf6e9d6772,Speed peak,0.547769,15315.6,15315.052231,2795896.122453078
d2ef85ef-4225-41e0-84bc-21cf6e9d6772,Residue sp-t,0.0024698,36.6736,36.6711302,1484781.3669123007
d2ef85ef-4225-41e0-84bc-21cf6e9d6772,Speed Freq,4.58835,4.82805,0.23970000000000002,5.224100166726601
d2ef85ef-4225-41e0-84bc-21cf6e9d6772,slope_3,-0.0341238,1871.24,1871.2741238,5483780.0121909045
d2ef85ef-4225-41e0-84bc-21cf6e9d6772,tightness (Up-Lw),9.40737,0.0,-9.40737,-100.0
d2ef85ef-4225-41e0-84bc-21cf6e9d6772,number of cycles,3.0,0.0,-3.0,-100.0
d2ef85ef-4225-41e0-84bc-21cf6e9d6772,DOS,0.01,4.0,3.99,39900.0
d2ef85ef-4225-41e0-84bc-21cf6e9d6772,R/L hemi-pr,1.08838,1.14005,0.051670000000000105,4.747422775133695
d2ef85ef-4225-41e0-84bc-21cf6e9d6772,2nd order z cr,27.4151,11.0883,-16.3268,-59.55404138595154
d2ef85ef-4225-41e0-84bc-21cf6e9d6772,Nor-power,0.0151664,0.0,-0.0151664,-100.0
32194362-1d64-4523-aea9-613bdcf85dd3,100XNor-power,0.188503,0.0,-0.188503,-100.0
32194362-1d64-4523-aea9-613bdcf85dd3,Pressure Power,0.140111,0.0,-0.140111,-100.0
32194362-1d64-4523-aea9-613bdcf85dd3,slope_2,94.102,236.388,142.286,151.2040126671059
32194362-1d64-4523-aea9-613bdcf85dd3,R hemi-pr,1.69415,1.06535,-0.6288,-37.11595785497152
32194362-1d64-4523-aea9-613bdcf85dd3,2nd order sm,-0.729273,11.3351,12.064373,1654.3013384562435
32194362-1d64-4523-aea9-613bdcf85dd3,Ang Sp Freq,1.28522,21.355,20.06978,1561.5832308865408
32194362-1d64-4523-aea9-613bdcf85dd3,3rd quad average median,6.41255,0.0,-6.41255,-100.0
32194362-1d64-4523-aea9-613bdcf85dd3,Speed mean slope,22.6291,581.499,558.8699,2469.695657361539
32194362-1d64-4523-aea9-613bdcf85dd3,tightness (Lf),0.214242,0.0,-0.214242,-100.0
32194362-1d64-4523-aea9-613bdcf85dd3,tightness (Rt),0.19284,0.0,-0.19284,-100.0
32194362-1d64-4523-aea9-613bdcf85dd3,tightness (Lw),0.195709,0.0,-0.195709,-100.0
32194362-1d64-4523-aea9-613bdcf85dd3,Cal Tremor,1.0,0.0,-1.0,-100.0
32194362-1d64-4523-aea9-613bdcf85dd3,Tightness,0.192634,0.000570027,-0.192063973,-99.70408806337406
32194362-1d64-4523-aea9-613bdcf85dd3,Catgo,1.0,1.0,0.0,0.0
32194362-1d64-4523-aea9-613bdcf85dd3,tightness (Rt-Lf),-0.0214022,0.0,0.0214022,100.0
32194362-1d64-4523-aea9-613bdcf85dd3,slope_1,265.091,1359.57,1094.4789999999998,412.8691656827278
32194362-1d64-4523-aea9-613bdcf85dd3,2nd quad average median,6.18856,0.0,-6.18856,-100.0
32194362-1d64-4523-aea9-613bdcf85dd3,X Power,0.000276154,43.1184,43.118123846,15613796.593929475
32194362-1d64-4523-aea9-613bdcf85dd3,ratio,-0.290041,-0.652262,-0.362221,-124.88613678755762
32194362-1d64-4523-aea9-613bdcf85dd3,X Freq,1.40205,101.299,99.89695,7125.063300167612
32194362-1d64-4523-aea9-613bdcf85dd3,Residue theta-r,0.311314,0.0759592,-0.23535479999999998,-75.60045484623242
32194362-1d64-4523-aea9-613bdcf85dd3,tightness (Up),0.191202,0.0,-0.191202,-100.0
32194362-1d64-4523-aea9-613bdcf85dd3,Speed Power,19.429,18351.9,18332.471,94356.22523032581
32194362-1d64-4523-aea9-613bdcf85dd3,Pressure Freq,2.4584,0.0,-2.4584,-100.0
32194362-1d64-4523-aea9-613bdcf85dd3,1st order z cr,9.29648,2.36559,-6.930890000000001,-74.5539171815569
32194362-1d64-4523-aea9-613bdcf85dd3,Y Freq,1.34364,186.72,185.37636,13796.579440921676
32194362-1d64-4523-aea9-613bdcf85dd3,Y Power,0.000230669,0.0116633,0.011432631,4956.292783165488
32194362-1d64-4523-aea9-613bdcf85dd3,Sampling frequency,119.642,1121.41,1001.768,837.3046254659736
32194362-1d64-4523-aea9-613bdcf85dd3,Speed mean,109.796,1978.36,1868.5639999999999,1701.8507049437137
32194362-1d64-4523-aea9-613bdcf85dd3,Convergency,15.0,0.0,-15.0,-100.0
32194362-1d64-4523-aea9-613bdcf85dd3,Residue pr-t,0.203391,0.396534,0.193143,94.96142897178342
32194362-1d64-4523-aea9-613bdcf85dd3,1st order sm,1.9721,13.7704,11.798300000000001,598.2607372851276
32194362-1d64-4523-aea9-613bdcf85dd3,Ang Sp Power,2.25159e-05,1.92594e-06,-2.0589959999999998e-05,-91.44631127336682
32194362-1d64-4523-aea9-613bdcf85dd3,L hemi-pr,1.65038,0.973638,-0.676742,-41.00522303954241
32194362-1d64-4523-aea9-613bdcf85dd3,R-L hemi-pr,0.0325747,0.0555033,0.0229286,70.38775491408977
32194362-1d64-4523-aea9-613bdcf85dd3,Speed peak,268.98,30840.0,30571.02,11365.536471113093
32194362-1d64-4523-aea9-613bdcf85dd3,Residue sp-t,0.410002,32.528,32.117998,7833.6198360008
32194362-1d64-4523-aea9-613bdcf85dd3,Speed Freq,0.58419,24.6404,24.05621,4117.874321710403
32194362-1d64-4523-aea9-613bdcf85dd3,slope_3,-76.8873,-886.798,-809.9107,-1053.3738341702726
32194362-1d64-4523-aea9-613bdcf85dd3,tightness (Up-Lw),-0.00450679,0.0,0.00450679,100.0
32194362-1d64-4523-aea9-613bdcf85dd3,number of cycles,4.0,0.0,-4.0,-100.0
32194362-1d64-4523-aea9-613bdcf85dd3,DOS,1.04893,4.0,2.95107,281.34098557577727
32194362-1d64-4523-aea9-613bdcf85dd3,R/L hemi-pr,1.02652,1.09419,0.0676699999999999,6.5921755055916975
32194362-1d64-4523-aea9-613bdcf85dd3,2nd order z cr,28.8945,9.89247,-19.00203,-65.76348440014536
32194362-1d64-4523-aea9-613bdcf85dd3,Nor-power,0.00188503,0.0,-0.00188503,-100.0
bcff7b2f-4d12-4fc0-af7c-aaf6cfa54efa,100XNor-power,0.0,0.0,0.0,
bcff7b2f-4d12-4fc0-af7c-aaf6cfa54efa,Pressure Power,0.0,0.0,0.0,
bcff7b2f-4d12-4fc0-af7c-aaf6cfa54efa,slope_2,1.61563,26915.7,26914.08437,1665856.9332087175
bcff7b2f-4d12-4fc0-af7c-aaf6cfa54efa,R hemi-pr,1.49521,8.05258,6.557370000000001,438.5584633596619
bcff7b2f-4d12-4fc0-af7c-aaf6cfa54efa,2nd order sm,-4.85903,9.17669,14.035720000000001,288.8584758686405
bcff7b2f-4d12-4fc0-af7c-aaf6cfa54efa,Ang Sp Freq,1.0498,255.465,254.4152,24234.63516860354
bcff7b2f-4d12-4fc0-af7c-aaf6cfa54efa,3rd quad average median,0.125424,0.0,-0.125424,-100.0
bcff7b2f-4d12-4fc0-af7c-aaf6cfa54efa,Speed mean slope,0.426637,123988.0,123987.573363,29061608.196898066
bcff7b2f-4d12-4fc0-af7c-aaf6cfa54efa,tightness (Lf),7.12608,0.0,-7.12608,-100.0
bcff7b2f-4d12-4fc0-af7c-aaf6cfa54efa,tightness (Rt),6.04671,0.0,-6.04671,-100.0
bcff7b2f-4d12-4fc0-af7c-aaf6cfa54efa,tightness (Lw),5.84302,0.0,-5.84302,-100.0
bcff7b2f-4d12-4fc0-af7c-aaf6cfa54efa,Cal Tremor,0.0,0.0,0.0,
bcff7b2f-4d12-4fc0-af7c-aaf6cfa54efa,Tightness,6.51135,0.000593403,-6.510756597,-99.9908866364118
bcff7b2f-4d12-4fc0-af7c-aaf6cfa54efa,Catgo,1.0,1.0,0.0,0.0
bcff7b2f-4d12-4fc0-af7c-aaf6cfa54efa,tightness (Rt-Lf),-1.07937,0.0,1.07937,100.0
bcff7b2f-4d12-4fc0-af7c-aaf6cfa54efa,slope_1,6.71016,43154.4,43147.68984,643020.2832719338
bcff7b2f-4d12-4fc0-af7c-aaf6cfa54efa,2nd quad average median,0.12734,0.0,-0.12734,-100.0
bcff7b2f-4d12-4fc0-af7c-aaf6cfa54efa,X Power,4.37177e-07,1.79214,1.7921395628230001,409934548.89506996
bcff7b2f-4d12-4fc0-af7c-aaf6cfa54efa,ratio,-0.518454,0.247415,0.7658689999999999,147.7216879414567
bcff7b2f-4d12-4fc0-af7c-aaf6cfa54efa,X Freq,2.3329,167.676,165.3431,7087.44909768957
bcff7b2f-4d12-4fc0-af7c-aaf6cfa54efa,Residue theta-r,0.208604,0.283152,0.074548,35.7366109949953
bcff7b2f-4d12-4fc0-af7c-aaf6cfa54efa,tightness (Up),7.42501,0.0,-7.42501,-100.0
bcff7b2f-4d12-4fc0-af7c-aaf6cfa54efa,Speed Power,0.0210226,56548000.0,56547999.9789774,268986709441.1605
bcff7b2f-4d12-4fc0-af7c-aaf6cfa54efa,Pressure Freq,0.0,0.0,0.0,
bcff7b2f-4d12-4fc0-af7c-aaf6cfa54efa,1st order z cr,21.2821,6.76533,-14.516770000000001,-68.21117276960452
bcff7b2f-4d12-4fc0-af7c-aaf6cfa54efa,Y Freq,1.28309,237.907,236.62391000000002,18441.723495623846
bcff7b2f-4d12-4fc0-af7c-aaf6cfa54efa,Y Power,2.92618e-07,1223.58,1223.5799997073818,418149259344.05334
bcff7b2f-4d12-4fc0-af7c-aaf6cfa54efa,Sampling frequency,119.444,1797.91,1678.4660000000001,1405.2325776095913
bcff7b2f-4d12-4fc0-af7c-aaf6cfa54efa,Speed mean,2.4825,22625.8,22623.3175,911311.8831822759
bcff7b2f-4d12-4fc0-af7c-aaf6cfa54efa,Convergency,0.0,0.0,0.0,
bcff7b2f-4d12-4fc0-af7c-aaf6cfa54efa,Residue pr-t,0.121704,2.27579,2.1540860000000004,1769.9385394070862
bcff7b2f-4d12-4fc0-af7c-aaf6cfa54efa,1st order sm,-4.71099,10.104,14.814989999999998,314.4772117962466
bcff7b2f-4d12-4fc0-af7c-aaf6cfa54efa,Ang Sp Power,2.18168e-05,9.30148e-05,7.1198e-05,326.34483517289425
bcff7b2f-4d12-4fc0-af7c-aaf6cfa54efa,L hemi-pr,1.51049,0.47786,-1.0326300000000002,-68.36390840058525
bcff7b2f-4d12-4fc0-af7c-aaf6cfa54efa,R-L hemi-pr,-0.016855,0.454023,0.470878,2793.699199050727
bcff7b2f-4d12-4fc0-af7c-aaf6cfa54efa,Speed peak,4.84026,271200.0,271195.15974,5602904.797262956
bcff7b2f-4d12-4fc0-af7c-aaf6cfa54efa,Residue sp-t,0.0100118,1228.06,1228.0499882,12266025.971353803
bcff7b2f-4d12-4fc0-af7c-aaf6cfa54efa,Speed Freq,0.641547,391.537,390.895453,60930.134970625695
bcff7b2f-4d12-4fc0-af7c-aaf6cfa54efa,slope_3,-3.47891,10677.0,10680.47891,307006.4735793682
bcff7b2f-4d12-4fc0-af7c-aaf6cfa54efa,tightness (Up-Lw),1.58199,0.0,-1.58199,-100.0
bcff7b2f-4d12-4fc0-af7c-aaf6cfa54efa,number of cycles,3.0,0.0,-3.0,-100.0
bcff7b2f-4d12-4fc0-af7c-aaf6cfa54efa,DOS,1.01296,4.0,2.98704,294.88232506712995
bcff7b2f-4d12-4fc0-af7c-aaf6cfa54efa,R/L hemi-pr,0.989887,16.8513,15.861412999999999,1602.3458233111455
bcff7b2f-4d12-4fc0-af7c-aaf6cfa54efa,2nd order z cr,62.0513,22.4101,-39.6412,-63.88456003339172
bcff7b2f-4d12-4fc0-af7c-aaf6cfa54efa,Nor-power,0.0,0.0,0.0,
626ca2fe-322f-45b0-90e3-40877b222c8b,100XNor-power,0.206055,20.4107,20.204645,9805.46213389629
626ca2fe-322f-45b0-90e3-40877b222c8b,Pressure Power,0.113844,15.729,15.615155999999999,13716.274902498153
626ca2fe-322f-45b0-90e3-40877b222c8b,slope_2,0.736083,327.6,326.863917,44405.85056304791
626ca2fe-322f-45b0-90e3-40877b222c8b,2nd order sm,-0.608534,-8.33088,-7.722346000000001,-1269.0081408762699
626ca2fe-322f-45b0-90e3-40877b222c8b,Ang Sp Freq,0.540017,0.0,-0.540017,-100.0
626ca2fe-322f-45b0-90e3-40877b222c8b,3rd quad average median,0.114133,0.0,-0.114133,-100.0
626ca2fe-322f-45b0-90e3-40877b222c8b,Speed mean slope,0.107608,1490.63,1490.522392,1385140.87428444
626ca2fe-322f-45b0-90e3-40877b222c8b,tightness (Lf),7.31376,0.0,-7.31376,-100.0
626ca2fe-322f-45b0-90e3-40877b222c8b,tightness (Rt),5.13036,0.0,-5.13036,-100.0
626ca2fe-322f-45b0-90e3-40877b222c8b,traxis_pol1,0.961296,1.0,0.03870399999999996,4.026231254473124
626ca2fe-322f-45b0-90e3-40877b222c8b,tightness (Lw),5.16898,0.0,-5.16898,-100.0
626ca2fe-322f-45b0-90e3-40877b222c8b,Cal Tremor,1.0,1.0,0.0,0.0
626ca2fe-322f-45b0-90e3-40877b222c8b,Tightness,5.5634,0.00451492,-5.55888508,-99.91884602940647
626ca2fe-322f-45b0-90e3-40877b222c8b,mean amp. (cm),0.0382763,1e-05,-0.038266299999999996,-99.97387417279099
626ca2fe-322f-45b0-90e3-40877b222c8b,Catgo,2.0,7.0,5.0,250.0
626ca2fe-322f-45b0-90e3-40877b222c8b,tightness (Rt-Lf),-2.1834,0.0,2.1834,100.0
626ca2fe-322f-45b0-90e3-40877b222c8b,slope_1,1.63838,5044.19,5042.551619999999,307776.6830649788
626ca2fe-322f-45b0-90e3-40877b222c8b,2nd quad average median,0.134604,0.0,-0.134604,-100.0
626ca2fe-322f-45b0-90e3-40877b222c8b,X Power,4.01704e-06,0.0,-4.01704e-06,-100.0
626ca2fe-322f-45b0-90e3-40877b222c8b,ratio,-0.101449,-0.870108,-0.768659,-757.6802137034372
626ca2fe-322f-45b0-90e3-40877b222c8b,traxis_fr1,4.42814,11.6617,7.23356,163.35436548979933
626ca2fe-322f-45b0-90e3-40877b222c8b,X Freq,1.37704,0.0,-1.37704,-100.0
626ca2fe-322f-45b0-90e3-40877b222c8b,Residue theta-r,0.353634,0.0585386,-0.2950954,-83.44655774048876
626ca2fe-322f-45b0-90e3-40877b222c8b,tightness (Up),6.73754,0.0,-6.73754,-100.0
626ca2fe-322f-45b0-90e3-40877b222c8b,Speed Power,0.0268233,130796.0,130795.9731767,487620737.1080367
626ca2fe-322f-45b0-90e3-40877b222c8b,Pressure Freq,6.35606,4.18121,-2.17485,-34.21695201115156
626ca2fe-322f-45b0-90e3-40877b222c8b,1st order z cr,15.8004,0.0,-15.8004,-100.0
626ca2fe-322f-45b0-90e3-40877b222c8b,Y Freq,2.26807,113.337,111.06893000000001,4897.067991728651
626ca2fe-322f-45b0-90e3-40877b222c8b,Y Power,1.40951e-06,103.25,103.24999859049,7325240586.479698
626ca2fe-322f-45b0-90e3-40877b222c8b,Sampling frequency,110.596,1492.69,1382.094,1249.6781077073313
626ca2fe-322f-45b0-90e3-40877b222c8b,Speed mean,1.41476,2286.18,2284.7652399999997,161494.89948825238
626ca2fe-322f-45b0-90e3-40877b222c8b,traxis_pol2,0.995172,1.0,0.0048280000000000545,0.48514226686442696
626ca2fe-322f-45b0-90e3-40877b222c8b,Convergency,25.0,90.0,65.0,260.0
626ca2fe-322f-45b0-90e3-40877b222c8b,std of amp.,0.32122,1e-05,-0.32121,-99.99688686881265
626ca2fe-322f-45b0-90e3-40877b222c8b,traxis_pw1,0.0256367,5404.62,5404.5943633,21081474.461611673
626ca2fe-322f-45b0-90e3-40877b222c8b,traxis_pw2,0.022519,656.753,656.730481,2916339.451130157
626ca2fe-322f-45b0-90e3-40877b222c8b,Residue pr-t,0.221607,0.085355,-0.13625199999999998,-61.48361739475738
626ca2fe-322f-45b0-90e3-40877b222c8b,1st order sm,-1.67516,66.1393,67.81446000000001,4048.237780271736
626ca2fe-322f-45b0-90e3-40877b222c8b,traxis_dir1,25.0,90.0,65.0,260.0
626ca2fe-322f-45b0-90e3-40877b222c8b,Ang Sp Power,3.62379e-05,0.0,-3.62379e-05,-100.0
626ca2fe-322f-45b0-90e3-40877b222c8b,4th quad average median,0.187782,0.0,-0.187782,-100.0
626ca2fe-322f-45b0-90e3-40877b222c8b,L hemi-pr,1.52819,13.188,11.65981,762.9816973020371
626ca2fe-322f-45b0-90e3-40877b222c8b,Speed peak,4.32131,33488.8,33484.47869,774868.7016205734
626ca2fe-322f-45b0-90e3-40877b222c8b,Residue sp-t,0.0154926,65.3418,65.3263074,421661.3570349716
626ca2fe-322f-45b0-90e3-40877b222c8b,Speed Freq,5.10316,22.9589,17.85574,349.8957508680896
626ca2fe-322f-45b0-90e3-40877b222c8b,slope_3,-0.166211,-4388.99,-4388.823789,-2640513.437137133
626ca2fe-322f-45b0-90e3-40877b222c8b,tightness (Up-Lw),1.56856,0.0,-1.56856,-100.0
626ca2fe-322f-45b0-90e3-40877b222c8b,number of cycles,2.0,0.0,-2.0,-100.0
626ca2fe-322f-45b0-90e3-40877b222c8b,DOS,1.58003,4.0,2.41997,153.15975013132663
626ca2fe-322f-45b0-90e3-40877b222c8b,traxis_fr2,6.1562,81.6317,75.4755,1226.0079269679347
626ca2fe-322f-45b0-90e3-40877b222c8b,2nd order z cr,48.6486,0.0,-48.6486,-100.0
626ca2fe-322f-45b0-90e3-40877b222c8b,traxis_dir2,20.0,90.0,70.0,350.0
626ca2fe-322f-45b0-90e3-40877b222c8b,Nor-power,0.00206055,0.204107,0.20204645000000002,9805.46213389629
626ca2fe-322f-45b0-90e3-40877b222c8b,max amp. (cm),0.21096,1e-05,-0.21095,-99.99525976488434
e5bbd1aa-22e9-4607-b959-b4af51bda4aa,100XNor-power,0.0574689,0.0,-0.0574689,-100.0
e5bbd1aa-22e9-4607-b959-b4af51bda4aa,Pressure Power,0.0773724,0.0,-0.0773724,-100.0
e5bbd1aa-22e9-4607-b959-b4af51bda4aa,slope_2,1.66965,-512.614,-514.2836500000001,-30801.883628305335
e5bbd1aa-22e9-4607-b959-b4af51bda4aa,2nd order sm,-3.2712,-12.0209,-8.749699999999999,-267.47676693568104
e5bbd1aa-22e9-4607-b959-b4af51bda4aa,Ang Sp Freq,0.703208,0.0,-0.703208,-100.0
e5bbd1aa-22e9-4607-b959-b4af51bda4aa,3rd quad average median,0.111774,0.0,-0.111774,-100.0
e5bbd1aa-22e9-4607-b959-b4af51bda4aa,Speed mean slope,0.259363,1825.18,1824.9206370000002,703616.4129039224
e5bbd1aa-22e9-4607-b959-b4af51bda4aa,tightness (Lf),6.81396,0.0,-6.81396,-100.0
e5bbd1aa-22e9-4607-b959-b4af51bda4aa,tightness (Rt),5.87224,0.0,-5.87224,-100.0
e5bbd1aa-22e9-4607-b959-b4af51bda4aa,tightness (Lw),5.8208,0.0,-5.8208,-100.0
e5bbd1aa-22e9-4607-b959-b4af51bda4aa,Cal Tremor,0.0,0.0,0.0,
e5bbd1aa-22e9-4607-b959-b4af51bda4aa,Tightness,6.32468,0.00836949,-6.31631051,-99.86766935244155
e5bbd1aa-22e9-4607-b959-b4af51bda4aa,Catgo,1.0,1.0,0.0,0.0
e5bbd1aa-22e9-4607-b959-b4af51bda4aa,tightness (Rt-Lf),-0.941719,0.0,0.941719,100.0
e5bbd1aa-22e9-4607-b959-b4af51bda4aa,slope_1,4.81246,-1915.49,-1920.30246,-39902.72043819585
e5bbd1aa-22e9-4607-b959-b4af51bda4aa,2nd quad average median,0.120507,0.0,-0.120507,-100.0
e5bbd1aa-22e9-4607-b959-b4af51bda4aa,X Power,1.21075e-06,0.0,-1.21075e-06,-100.0
e5bbd1aa-22e9-4607-b959-b4af51bda4aa,ratio,-0.306114,0.46477,0.770884,251.82905714864398
e5bbd1aa-22e9-4607-b959-b4af51bda4aa,X Freq,2.08032,0.0,-2.08032,-100.0
e5bbd1aa-22e9-4607-b959-b4af51bda4aa,Residue theta-r,0.202098,0.0600153,-0.1420827,-70.30386248255796
e5bbd1aa-22e9-4607-b959-b4af51bda4aa,tightness (Up),7.27196,0.0,-7.27196,-100.0
e5bbd1aa-22e9-4607-b959-b4af51bda4aa,Speed Power,0.03076,265366.0,265365.96924,862698209.4928479
e5bbd1aa-22e9-4607-b959-b4af51bda4aa,Pressure Freq,2.50029,0.0,-2.50029,-100.0
e5bbd1aa-22e9-4607-b959-b4af51bda4aa,1st order z cr,26.8836,0.0,-26.8836,-100.0
e5bbd1aa-22e9-4607-b959-b4af51bda4aa,Y Freq,0.673907,103.441,102.767093,15249.447327301838
e5bbd1aa-22e9-4607-b959-b4af51bda4aa,Y Power,7.3121e-07,2.79084e-06,2.0596299999999997e-06,281.67421123890534
e5bbd1aa-22e9-4607-b959-b4af51bda4aa,Sampling frequency,120.014,5230.77,5110.756,4258.466512240239
e5bbd1aa-22e9-4607-b959-b4af51bda4aa,Speed mean,2.12502,2263.41,2261.28498,106412.40929497132
e5bbd1aa-22e9-4607-b959-b4af51bda4aa,Convergency,0.0,0.0,0.0,
e5bbd1aa-22e9-4607-b959-b4af51bda4aa,Residue pr-t,0.0882392,0.00724835,-0.08099085,-91.78556695890262
e5bbd1aa-22e9-4607-b959-b4af51bda4aa,1st order sm,-3.96062,67.8973,71.85792000000001,1814.3098807762424
e5bbd1aa-22e9-4607-b959-b4af51bda4aa,Ang Sp Power,1.42929e-05,0.0,-1.42929e-05,-100.0
e5bbd1aa-22e9-4607-b959-b4af51bda4aa,L hemi-pr,0.920633,11.0539,10.133267,1100.6847462561086
e5bbd1aa-22e9-4607-b959-b4af51bda4aa,Speed peak,4.5813,42446.9,42442.3187,926425.2220985311
e5bbd1aa-22e9-4607-b959-b4af51bda4aa,Residue sp-t,0.0163358,75.9498,75.9334642,464828.5618090329
e5bbd1aa-22e9-4607-b959-b4af51bda4aa,Speed Freq,1.87522,61.2981,59.42288,3168.8484551146
e5bbd1aa-22e9-4607-b959-b4af51bda4aa,slope_3,-1.47316,890.262,891.73516,60532.13228705639
e5bbd1aa-22e9-4607-b959-b4af51bda4aa,tightness (Up-Lw),1.45116,0.0,-1.45116,-100.0
e5bbd1aa-22e9-4607-b959-b4af51bda4aa,number of cycles,3.0,0.0,-3.0,-100.0
e5bbd1aa-22e9-4607-b959-b4af51bda4aa,1st quad average median,0.164039,0.0,-0.164039,-100.0
e5bbd1aa-22e9-4607-b959-b4af51bda4aa,DOS,1.03015,4.0,2.96985,288.29296704363446
e5bbd1aa-22e9-4607-b959-b4af51bda4aa,2nd order z cr,61.9863,0.0,-61.9863,-100.0
e5bbd1aa-22e9-4607-b959-b4af51bda4aa,Nor-power,0.000574689,0.0,-0.000574689,-100.0
bc5eba8e-d065-40da-be43-0c1f3a7395e0,100XNor-power,0.0,18.9697,18.9697,
bc5eba8e-d065-40da-be43-0c1f3a7395e0,Pressure Power,0.0,20.4162,20.4162,
bc5eba8e-d065-40da-be43-0c1f3a7395e0,slope_2,102.395,162862.0,162759.605,158952.6881195371
bc5eba8e-d065-40da-be43-0c1f3a7395e0,R hemi-pr,1.88318,5.24027,3.3570899999999995,178.26708015165832
bc5eba8e-d065-40da-be43-0c1f3a7395e0,2nd order sm,0.923527,9.40765,8.484123,918.6653990625072
bc5eba8e-d065-40da-be43-0c1f3a7395e0,Ang Sp Freq,3.21074,257.592,254.38126,7922.823398967216
bc5eba8e-d065-40da-be43-0c1f3a7395e0,3rd quad average median,3.90588,0.0,-3.90588,-100.0
bc5eba8e-d065-40da-be43-0c1f3a7395e0,Speed mean slope,33.2474,2236520.0,2236486.7526,6726801.95323544
bc5eba8e-d065-40da-be43-0c1f3a7395e0,tightness (Lf),0.199046,0.0,-0.199046,-100.0
bc5eba8e-d065-40da-be43-0c1f3a7395e0,tightness (Rt),0.18024,0.0,-0.18024,-100.0
bc5eba8e-d065-40da-be43-0c1f3a7395e0,tightness (Lw),0.17184,0.0,-0.17184,-100.0
bc5eba8e-d065-40da-be43-0c1f3a7395e0,Cal Tremor,0.0,1.0,1.0,
bc5eba8e-d065-40da-be43-0c1f3a7395e0,Tightness,0.19421,0.00135074,-0.19285926,-99.30449513413316
bc5eba8e-d065-40da-be43-0c1f3a7395e0,Catgo,1.0,7.0,6.0,600.0
bc5eba8e-d065-40da-be43-0c1f3a7395e0,tightness (Rt-Lf),-0.0188059,0.0,0.0188059,100.0
bc5eba8e-d065-40da-be43-0c1f3a7395e0,slope_1,42.9406,257946.0,257903.0594,600604.2286321103
bc5eba8e-d065-40da-be43-0c1f3a7395e0,2nd quad average median,3.54858,0.0,-3.54858,-100.0
bc5eba8e-d065-40da-be43-0c1f3a7395e0,X Power,0.0117306,6.56731e-06,-0.01172403269,-99.9440155661262
bc5eba8e-d065-40da-be43-0c1f3a7395e0,ratio,3.76915,0.262755,-3.506395,-93.02879959672606
bc5eba8e-d065-40da-be43-0c1f3a7395e0,X Freq,10.3328,62.6575,52.3247,506.3942009910188
bc5eba8e-d065-40da-be43-0c1f3a7395e0,Residue theta-r,0.239635,0.310031,0.07039600000000001,29.376343188599336
bc5eba8e-d065-40da-be43-0c1f3a7395e0,tightness (Up),0.221679,0.0,-0.221679,-100.0
bc5eba8e-d065-40da-be43-0c1f3a7395e0,Speed Power,71.5663,668279000.0,668278928.4337,933789965.9947488
bc5eba8e-d065-40da-be43-0c1f3a7395e0,Pressure Freq,0.0,8.10117,8.10117,
bc5eba8e-d065-40da-be43-0c1f3a7395e0,1st order z cr,25.9136,10.75,-15.163599999999999,-58.5159916028649
bc5eba8e-d065-40da-be43-0c1f3a7395e0,Y Freq,1.16754,767.554,766.3864599999999,65641.13092485053
bc5eba8e-d065-40da-be43-0c1f3a7395e0,Y Power,0.000292136,79.1109,79.110607864,27080061.294739436
bc5eba8e-d065-40da-be43-0c1f3a7395e0,Sampling frequency,119.556,3564.52,3444.964,2881.464752919134
bc5eba8e-d065-40da-be43-0c1f3a7395e0,Speed mean,112.18,101895.0,101782.82,90731.69905509002
bc5eba8e-d065-40da-be43-0c1f3a7395e0,Convergency,0.0,100.0,100.0,
bc5eba8e-d065-40da-be43-0c1f3a7395e0,Residue pr-t,0.0958584,3.24354,3.1476816,3283.678425677875
bc5eba8e-d065-40da-be43-0c1f3a7395e0,1st order sm,1.82273,10.5638,8.74107,479.55923257970187
bc5eba8e-d065-40da-be43-0c1f3a7395e0,Ang Sp Power,2.48241e-05,0.000420343,0.0003955189,1593.2859600146633
bc5eba8e-d065-40da-be43-0c1f3a7395e0,L hemi-pr,1.95391,0.245168,-1.708742,-87.45244151470641
bc5eba8e-d065-40da-be43-0c1f3a7395e0,R-L hemi-pr,-0.0476489,0.347579,0.3952279,829.4586024021542
bc5eba8e-d065-40da-be43-0c1f3a7395e0,Speed peak,201.145,1791120.0,1790918.855,890362.1044520121
bc5eba8e-d065-40da-be43-0c1f3a7395e0,Residue sp-t,0.434184,4053.38,4052.945816,933462.7291655149
bc5eba8e-d065-40da-be43-0c1f3a7395e0,Speed Freq,0.642149,12.1834,11.541251,1797.2855209616462
bc5eba8e-d065-40da-be43-0c1f3a7395e0,slope_3,161.849,67776.8,67614.951,41776.5639577631
bc5eba8e-d065-40da-be43-0c1f3a7395e0,tightness (Up-Lw),0.0498393,0.0,-0.0498393,-100.0
bc5eba8e-d065-40da-be43-0c1f3a7395e0,number of cycles,3.0,0.0,-3.0,-100.0
bc5eba8e-d065-40da-be43-0c1f3a7395e0,DOS,0.777581,4.0,3.222419,414.41586149867345
bc5eba8e-d065-40da-be43-0c1f3a7395e0,R/L hemi-pr,0.963801,21.3742,20.410398999999998,2117.6984667996817
bc5eba8e-d065-40da-be43-0c1f3a7395e0,2nd order z cr,61.794,19.5,-42.294,-68.44353820759297
bc5eba8e-d065-40da-be43-0c1f3a7395e0,Nor-power,0.0,0.189697,0.189697,
5f5a3b24-249e-4f66-a945-efa587555f8b,100XNor-power,1.40289,9.51481,8.111920000000001,578.22922681037
5f5a3b24-249e-4f66-a945-efa587555f8b,Pressure Power,0.150086,10.7062,10.556114,7033.376863931346
5f5a3b24-249e-4f66-a945-efa587555f8b,slope_2,88.7772,1850.39,1761.6128,1984.307682603191
5f5a3b24-249e-4f66-a945-efa587555f8b,2nd order sm,7.38071,-10.2896,-17.67031,-239.41206198319676
5f5a3b24-249e-4f66-a945-efa587555f8b,Ang Sp Freq,4.95612,87.8523,82.89618,1672.6023582964092
5f5a3b24-249e-4f66-a945-efa587555f8b,3rd quad average median,10.3554,0.0,-10.3554,-100.0
5f5a3b24-249e-4f66-a945-efa587555f8b,Speed mean slope,20.8888,3026.99,3006.1011999999996,14390.971238175478
5f5a3b24-249e-4f66-a945-efa587555f8b,tightness (Lf),0.108435,0.0,-0.108435,-100.0
5f5a3b24-249e-4f66-a945-efa587555f8b,tightness (Rt),0.1058,0.0,-0.1058,-100.0
5f5a3b24-249e-4f66-a945-efa587555f8b,traxis_pol1,0.913987,1.0,0.086013,9.410746542346883
5f5a3b24-249e-4f66-a945-efa587555f8b,tightness (Lw),0.0942341,0.0,-0.0942341,-100.0
5f5a3b24-249e-4f66-a945-efa587555f8b,Cal Tremor,1.0,1.0,0.0,0.0
5f5a3b24-249e-4f66-a945-efa587555f8b,Tightness,0.117744,0.0123031,-0.1054409,-89.5509749966028
5f5a3b24-249e-4f66-a945-efa587555f8b,mean amp. (cm),1e-05,1e-05,0.0,0.0
5f5a3b24-249e-4f66-a945-efa587555f8b,Catgo,2.0,7.0,5.0,250.0
5f5a3b24-249e-4f66-a945-efa587555f8b,tightness (Rt-Lf),-0.00263567,0.0,0.00263567,100.0
5f5a3b24-249e-4f66-a945-efa587555f8b,slope_1,265.134,4052.32,3787.186,1428.404504891866
5f5a3b24-249e-4f66-a945-efa587555f8b,2nd quad average median,7.23993,0.0,-7.23993,-100.0
5f5a3b24-249e-4f66-a945-efa587555f8b,X Power,0.331503,0.0,-0.331503,-100.0
5f5a3b24-249e-4f66-a945-efa587555f8b,ratio,-0.330321,-0.0867491,0.24357189999999998,73.73793976162581
5f5a3b24-249e-4f66-a945-efa587555f8b,traxis_fr1,3.03198,12.9353,9.90332,326.62880362007667
5f5a3b24-249e-4f66-a945-efa587555f8b,X Freq,6.88026,0.0,-6.88026,-100.0
5f5a3b24-249e-4f66-a945-efa587555f8b,Residue theta-r,0.230729,0.52049,0.28976100000000005,125.58499365055977
5f5a3b24-249e-4f66-a945-efa587555f8b,tightness (Up),0.16284,0.0,-0.16284,-100.0
5f5a3b24-249e-4f66-a945-efa587555f8b,Speed Power,87.187,127720.0,127632.813,146389.7289733561
5f5a3b24-249e-4f66-a945-efa587555f8b,Pressure Freq,2.3091,4.24544,1.9363400000000004,83.8569139491577
5f5a3b24-249e-4f66-a945-efa587555f8b,1st order z cr,15.2648,0.0,-15.2648,-100.0
5f5a3b24-249e-4f66-a945-efa587555f8b,Y Freq,10.3204,72.2222,61.9018,599.8003953335142
5f5a3b24-249e-4f66-a945-efa587555f8b,Y Power,0.0543984,183.781,183.7266016,337742.6571369746
5f5a3b24-249e-4f66-a945-efa587555f8b,Sampling frequency,119.413,1103.81,984.3969999999999,824.36334402452
5f5a3b24-249e-4f66-a945-efa587555f8b,Speed mean,112.375,1825.9,1713.525,1524.8275862068967
5f5a3b24-249e-4f66-a945-efa587555f8b,traxis_pol2,0.991156,1.0,0.008843999999999963,0.8922914253659325
5f5a3b24-249e-4f66-a945-efa587555f8b,Convergency,25.0,90.0,65.0,260.0
5f5a3b24-249e-4f66-a945-efa587555f8b,std of amp.,1e-05,1e-05,0.0,0.0
5f5a3b24-249e-4f66-a945-efa587555f8b,traxis_pw1,210.67,1146.51,935.84,444.2208192908341
5f5a3b24-249e-4f66-a945-efa587555f8b,traxis_pw2,70.9551,472.519,401.5639,565.9408555551328
5f5a3b24-249e-4f66-a945-efa587555f8b,Residue pr-t,0.179565,0.00837869,-0.17118631,-95.33389580374795
5f5a3b24-249e-4f66-a945-efa587555f8b,1st order sm,6.19984,3.55501,-2.6448300000000002,-42.659649281271776
5f5a3b24-249e-4f66-a945-efa587555f8b,traxis_dir1,25.0,90.0,65.0,260.0
5f5a3b24-249e-4f66-a945-efa587555f8b,Ang Sp Power,4.33727e-05,0.000113948,7.05753e-05,162.71825364803206
5f5a3b24-249e-4f66-a945-efa587555f8b,4th quad average median,10.9114,0.0,-10.9114,-100.0
5f5a3b24-249e-4f66-a945-efa587555f8b,L hemi-pr,1.04054,8.4731,7.4325600000000005,714.2983450900493
5f5a3b24-249e-4f66-a945-efa587555f8b,Speed peak,245.789,12996.7,12750.911,5187.7468072208285
5f5a3b24-249e-4f66-a945-efa587555f8b,Residue sp-t,0.678891,38.1731,37.494209,5522.861401903987
5f5a3b24-249e-4f66-a945-efa587555f8b,Speed Freq,2.27398,10.5099,8.23592,362.18084591773015
5f5a3b24-249e-4f66-a945-efa587555f8b,slope_3,-87.5792,-351.535,-263.9558,-301.39096954528014
5f5a3b24-249e-4f66-a945-efa587555f8b,tightness (Up-Lw),0.0686055,0.0,-0.0686055,-100.0
5f5a3b24-249e-4f66-a945-efa587555f8b,number of cycles,2.0,0.0,-2.0,-100.0
5f5a3b24-249e-4f66-a945-efa587555f8b,DOS,2.60331,4.0,1.39669,53.65054488324479
5f5a3b24-249e-4f66-a945-efa587555f8b,traxis_fr2,5.01442,52.8192,47.80478,953.3461497042529
5f5a3b24-249e-4f66-a945-efa587555f8b,2nd order z cr,47.352,0.0,-47.352,-100.0
5f5a3b24-249e-4f66-a945-efa587555f8b,traxis_dir2,15.0,90.0,75.0,500.0
5f5a3b24-249e-4f66-a945-efa587555f8b,Nor-power,0.0140289,0.0951481,0.0811192,578.22922681037
5f5a3b24-249e-4f66-a945-efa587555f8b,max amp. (cm),1e-05,1e-05,0.0,0.0
78c3e52e-2774-4f3e-bfea-3a1b072ce6ac,100XNor-power,0.0,25.8424,25.8424,
78c3e52e-2774-4f3e-bfea-3a1b072ce6ac,Pressure Power,0.0,18.4996,18.4996,
78c3e52e-2774-4f3e-bfea-3a1b072ce6ac,slope_2,112.69,237912.0,237799.31,211020.7738042417
78c3e52e-2774-4f3e-bfea-3a1b072ce6ac,R hemi-pr,1.26263,4.76254,3.4999100000000007,277.1920515115276
78c3e52e-2774-4f3e-bfea-3a1b072ce6ac,2nd order sm,0.228669,9.62493,9.396261,4109.110111121316
78c3e52e-2774-4f3e-bfea-3a1b072ce6ac,Ang Sp Freq,1.17188,375.642,374.47012,31954.647233505137
78c3e52e-2774-4f3e-bfea-3a1b072ce6ac,3rd quad average median,10.6864,0.0,-10.6864,-100.0
78c3e52e-2774-4f3e-bfea-3a1b072ce6ac,Speed mean slope,26.3576,2376750.0,2376723.6424,9017223.276777854
78c3e52e-2774-4f3e-bfea-3a1b072ce6ac,tightness (Lf),0.118419,0.0,-0.118419,-100.0
78c3e52e-2774-4f3e-bfea-3a1b072ce6ac,tightness (Rt),0.106662,0.0,-0.106662,-100.0
78c3e52e-2774-4f3e-bfea-3a1b072ce6ac,tightness (Lw),0.111521,0.0,-0.111521,-100.0
78c3e52e-2774-4f3e-bfea-3a1b072ce6ac,Cal Tremor,0.0,1.0,1.0,
78c3e52e-2774-4f3e-bfea-3a1b072ce6ac,Tightness,0.102725,0.000555714,-0.102169286,-99.45902750060841
78c3e52e-2774-4f3e-bfea-3a1b072ce6ac,Catgo,1.0,7.0,6.0,600.0
78c3e52e-2774-4f3e-bfea-3a1b072ce6ac,tightness (Rt-Lf),-0.0117567,0.0,0.0117567,100.0
78c3e52e-2774-4f3e-bfea-3a1b072ce6ac,slope_1,505.516,284164.0,283658.484,56112.66191376732
78c3e52e-2774-4f3e-bfea-3a1b072ce6ac,2nd quad average median,11.6307,0.0,-11.6307,-100.0
78c3e52e-2774-4f3e-bfea-3a1b072ce6ac,X Power,0.000579493,0.0200182,0.019438707,3354.433444407439
78c3e52e-2774-4f3e-bfea-3a1b072ce6ac,ratio,-0.55416,0.674468,1.228628,221.7099754583514
78c3e52e-2774-4f3e-bfea-3a1b072ce6ac,X Freq,1.28906,398.217,396.92794,30792.045366391012
78c3e52e-2774-4f3e-bfea-3a1b072ce6ac,Residue theta-r,0.271381,0.321167,0.049786,18.345425803575047
78c3e52e-2774-4f3e-bfea-3a1b072ce6ac,tightness (Up),0.102677,0.0,-0.102677,-100.0
78c3e52e-2774-4f3e-bfea-3a1b072ce6ac,Speed Power,66.8063,710469000.0,710468933.1937,1063475949.4145013
78c3e52e-2774-4f3e-bfea-3a1b072ce6ac,Pressure Freq,0.0,6.87478,6.87478,
78c3e52e-2774-4f3e-bfea-3a1b072ce6ac,1st order z cr,4.3578,5.02008,0.66228,15.19757675891505
78c3e52e-2774-4f3e-bfea-3a1b072ce6ac,Y Freq,1.64062,795.531,793.8903799999999,48389.65634942887
78c3e52e-2774-4f3e-bfea-3a1b072ce6ac,Y Power,0.000661151,305.026,305.02533884900004,46135502.91068153
78c3e52e-2774-4f3e-bfea-3a1b072ce6ac,Sampling frequency,120.0,3698.63,3578.63,2982.1916666666666
78c3e52e-2774-4f3e-bfea-3a1b072ce6ac,Speed mean,194.966,140932.0,140737.034,72185.4241252321
78c3e52e-2774-4f3e-bfea-3a1b072ce6ac,Convergency,0.0,90.0,90.0,
78c3e52e-2774-4f3e-bfea-3a1b072ce6ac,Residue pr-t,0.204889,4.31671,4.111821,2006.8529789300549
78c3e52e-2774-4f3e-bfea-3a1b072ce6ac,1st order sm,3.51643,11.3395,7.8230699999999995,222.47193886981967
78c3e52e-2774-4f3e-bfea-3a1b072ce6ac,Ang Sp Power,3.41524e-05,0.000400952,0.0003667996,1074.0082688185896
78c3e52e-2774-4f3e-bfea-3a1b072ce6ac,L hemi-pr,1.4913,0.406622,-1.084678,-72.73372225575001
78c3e52e-2774-4f3e-bfea-3a1b072ce6ac,R-L hemi-pr,-0.251238,0.249188,0.500426,199.1840406307963
78c3e52e-2774-4f3e-bfea-3a1b072ce6ac,Speed peak,421.483,2566490.0,2566068.517,608818.9836838022
78c3e52e-2774-4f3e-bfea-3a1b072ce6ac,Residue sp-t,0.682297,5388.57,5387.887702999999,789668.9715768938
78c3e52e-2774-4f3e-bfea-3a1b072ce6ac,Speed Freq,0.703125,176.985,176.281875,25071.2
78c3e52e-2774-4f3e-bfea-3a1b072ce6ac,slope_3,-280.137,191660.0,191940.137,68516.52477180808
78c3e52e-2774-4f3e-bfea-3a1b072ce6ac,tightness (Up-Lw),-0.0088436,0.0,0.0088436,100.0
78c3e52e-2774-4f3e-bfea-3a1b072ce6ac,number of cycles,4.0,0.0,-4.0,-100.0
78c3e52e-2774-4f3e-bfea-3a1b072ce6ac,1st quad average median,9.02224,0.0,-9.02224,-100.0
78c3e52e-2774-4f3e-bfea-3a1b072ce6ac,DOS,0.328217,4.0,3.671783,1118.7059171219041
78c3e52e-2774-4f3e-bfea-3a1b072ce6ac,R/L hemi-pr,0.846666,11.7124,10.865734,1283.3554199648977
78c3e52e-2774-4f3e-bfea-3a1b072ce6ac,2nd order z cr,25.9174,11.6466,-14.270800000000001,-55.06262202227076
78c3e52e-2774-4f3e-bfea-3a1b072ce6ac,Nor-power,0.0,0.258424,0.258424,
d766f49e-e748-4f41-99f4-83bbcf65181b,100XNor-power,0.0,0.0,0.0,
d766f49e-e748-4f41-99f4-83bbcf65181b,Pressure Power,0.0,0.0,0.0,
d766f49e-e748-4f41-99f4-83bbcf65181b,slope_2,102.654,233956.0,233853.346,227807.33921717614
d766f49e-e748-4f41-99f4-83bbcf65181b,R hemi-pr,0.783789,5.86333,5.079541000000001,648.0750559142832
d766f49e-e748-4f41-99f4-83bbcf65181b,2nd order sm,0.52121,9.76979,9.24858,1774.444082039869
d766f49e-e748-4f41-99f4-83bbcf65181b,Ang Sp Freq,1.20401,137.705,136.50099,11337.197365470387
d766f49e-e748-4f41-99f4-83bbcf65181b,3rd quad average median,6.29177,0.0,-6.29177,-100.0
d766f49e-e748-4f41-99f4-83bbcf65181b,Speed mean slope,21.8364,694354.0,694332.1636,3179700.6997490427
d766f49e-e748-4f41-99f4-83bbcf65181b,tightness (Lf),0.128748,0.0,-0.128748,-100.0
d766f49e-e748-4f41-99f4-83bbcf65181b,tightness (Rt),0.11404,0.0,-0.11404,-100.0
d766f49e-e748-4f41-99f4-83bbcf65181b,tightness (Lw),0.111244,0.0,-0.111244,-100.0
d766f49e-e748-4f41-99f4-83bbcf65181b,Cal Tremor,0.0,0.0,0.0,
d766f49e-e748-4f41-99f4-83bbcf65181b,Tightness,0.120931,0.00045705,-0.12047395,-99.62205720617541
d766f49e-e748-4f41-99f4-83bbcf65181b,Catgo,1.0,1.0,0.0,0.0
d766f49e-e748-4f41-99f4-83bbcf65181b,tightness (Rt-Lf),-0.014708,0.0,0.014708,100.0
d766f49e-e748-4f41-99f4-83bbcf65181b,slope_1,263.853,265333.0,265069.147,100460.91839016421
d766f49e-e748-4f41-99f4-83bbcf65181b,2nd quad average median,5.01846,0.0,-5.01846,-100.0
d766f49e-e748-4f41-99f4-83bbcf65181b,X Power,0.000834179,1.15255,1.151715821,138065.78935696057
d766f49e-e748-4f41-99f4-83bbcf65181b,ratio,-0.221881,0.763489,0.98537,444.0984131133355
d766f49e-e748-4f41-99f4-83bbcf65181b,X Freq,1.17465,174.11,172.93535,14722.287489890607
d766f49e-e748-4f41-99f4-83bbcf65181b,Residue theta-r,0.282817,0.276942,-0.005874999999999964,-2.07731501288818
d766f49e-e748-4f41-99f4-83bbcf65181b,tightness (Up),0.133874,0.0,-0.133874,-100.0
d766f49e-e748-4f41-99f4-83bbcf65181b,Speed Power,50.8815,309394000.0,309393949.1185,608067665.2977997
d766f49e-e748-4f41-99f4-83bbcf65181b,Pressure Freq,0.0,0.0,0.0,
d766f49e-e748-4f41-99f4-83bbcf65181b,1st order z cr,8.23755,5.64784,-2.58971,-31.437866841475927
d766f49e-e748-4f41-99f4-83bbcf65181b,Y Freq,1.40958,244.282,242.87242,17230.126704408405
d766f49e-e748-4f41-99f4-83bbcf65181b,Y Power,0.0007929,14826.6,14826.5992071,1869920444.8354144
d766f49e-e748-4f41-99f4-83bbcf65181b,Sampling frequency,120.284,2161.07,2040.786,1696.6396195670245
d766f49e-e748-4f41-99f4-83bbcf65181b,Speed mean,183.305,108764.0,108580.695,59234.988134529885
d766f49e-e748-4f41-99f4-83bbcf65181b,Convergency,0.0,0.0,0.0,
d766f49e-e748-4f41-99f4-83bbcf65181b,Residue pr-t,0.128787,5.34274,5.213953,4048.5087780598965
d766f49e-e748-4f41-99f4-83bbcf65181b,1st order sm,3.17359,11.4713,8.297709999999999,261.46131037720687
d766f49e-e748-4f41-99f4-83bbcf65181b,Ang Sp Power,3.17934e-05,0.000188837,0.00015704359999999998,493.95031673240356
d766f49e-e748-4f41-99f4-83bbcf65181b,L hemi-pr,0.93544,0.989547,0.054106999999999905,5.7841229795604105
d766f49e-e748-4f41-99f4-83bbcf65181b,R-L hemi-pr,-0.147056,0.233649,0.38070499999999996,258.8843705799151
d766f49e-e748-4f41-99f4-83bbcf65181b,Speed peak,435.031,1792550.0,1792114.969,411951.0952093069
d766f49e-e748-4f41-99f4-83bbcf65181b,Residue sp-t,0.68252,3478.05,3477.3674800000003,509489.46257985116
d766f49e-e748-4f41-99f4-83bbcf65181b,Speed Freq,0.792887,261.165,260.372113,32838.489343374276
d766f49e-e748-4f41-99f4-83bbcf65181b,slope_3,-58.544,202579.0,202637.544,346128.62804044824
d766f49e-e748-4f41-99f4-83bbcf65181b,tightness (Up-Lw),0.0226304,0.0,-0.0226304,-100.0
d766f49e-e748-4f41-99f4-83bbcf65181b,number of cycles,4.0,0.0,-4.0,-100.0
d766f49e-e748-4f41-99f4-83bbcf65181b,1st quad average median,6.43924,0.0,-6.43924,-100.0
d766f49e-e748-4f41-99f4-83bbcf65181b,DOS,0.920454,4.0,3.079546,334.5681587564398
d766f49e-e748-4f41-99f4-83bbcf65181b,R/L hemi-pr,0.837883,5.92527,5.0873870000000005,607.1715263348224
d766f49e-e748-4f41-99f4-83bbcf65181b,2nd order z cr,28.5441,11.9601,-16.584,-58.099572240848374
d766f49e-e748-4f41-99f4-83bbcf65181b,Nor-power,0.0,0.0,0.0,
39ac810d-ac4b-4444-ab53-0865acff2e89,100XNor-power,0.706338,0.0,-0.706338,-100.0
39ac810d-ac4b-4444-ab53-0865acff2e89,Pressure Power,0.204698,0.0,-0.204698,-100.0
39ac810d-ac4b-4444-ab53-0865acff2e89,slope_2,133.993,59538.0,59404.007,44333.66444515758
39ac810d-ac4b-4444-ab53-0865acff2e89,R hemi-pr,1.89525,3.64219,1.7469399999999997,92.17464714417622
39ac810d-ac4b-4444-ab53-0865acff2e89,2nd order sm,-0.893377,9.33469,10.228067,1144.8769108674164
39ac810d-ac4b-4444-ab53-0865acff2e89,Ang Sp Freq,1.1162,151.809,150.6928,13500.519620139758
39ac810d-ac4b-4444-ab53-0865acff2e89,3rd quad average median,3.98351,0.0,-3.98351,-100.0
39ac810d-ac4b-4444-ab53-0865acff2e89,Speed mean slope,50.5169,185086.0,185035.4831,366284.3189110971
39ac810d-ac4b-4444-ab53-0865acff2e89,tightness (Lf),0.158268,0.0,-0.158268,-100.0
39ac810d-ac4b-4444-ab53-0865acff2e89,tightness (Rt),0.145488,0.0,-0.145488,-100.0
39ac810d-ac4b-4444-ab53-0865acff2e89,tightness (Lw),0.170136,0.0,-0.170136,-100.0
39ac810d-ac4b-4444-ab53-0865acff2e89,Cal Tremor,1.0,0.0,-1.0,-100.0
39ac810d-ac4b-4444-ab53-0865acff2e89,Tightness,0.153826,0.00149833,-0.15232767,-99.02595790048497
39ac810d-ac4b-4444-ab53-0865acff2e89,Catgo,2.0,1.0,-1.0,-50.0
39ac810d-ac4b-4444-ab53-0865acff2e89,tightness (Rt-Lf),-0.0127796,0.0,0.0127796,100.0
39ac810d-ac4b-4444-ab53-0865acff2e89,slope_1,253.786,36547.0,36293.214,14300.71556350626
39ac810d-ac4b-4444-ab53-0865acff2e89,2nd quad average median,5.23361,0.0,-5.23361,-100.0
39ac810d-ac4b-4444-ab53-0865acff2e89,X Power,0.000373066,10.9949,10.994526934,2947072.8862989387
39ac810d-ac4b-4444-ab53-0865acff2e89,ratio,0.0559536,2.25816,2.2022064,3935.7724972119763
39ac810d-ac4b-4444-ab53-0865acff2e89,X Freq,1.23369,99.3932,98.15951,7956.578232781331
39ac810d-ac4b-4444-ab53-0865acff2e89,Residue theta-r,0.241282,0.28809,0.046808000000000016,19.399706567419045
39ac810d-ac4b-4444-ab53-0865acff2e89,tightness (Up),0.17479,0.0,-0.17479,-100.0
39ac810d-ac4b-4444-ab53-0865acff2e89,Speed Power,30.2765,33135200.0,33135169.7235,109441876.4503823
39ac810d-ac4b-4444-ab53-0865acff2e89,Pressure Freq,2.18753,0.0,-2.18753,-100.0
39ac810d-ac4b-4444-ab53-0865acff2e89,1st order z cr,7.24138,2.52809,-4.713290000000001,-65.08828427730626
39ac810d-ac4b-4444-ab53-0865acff2e89,Y Freq,1.17495,97.9097,96.73475,8233.095025320228
39ac810d-ac4b-4444-ab53-0865acff2e89,Y Power,0.000535311,11075.9,11075.899464689,2069058820.8889787
39ac810d-ac4b-4444-ab53-0865acff2e89,Sampling frequency,120.314,1012.72,892.4060000000001,741.7308043951662
39ac810d-ac4b-4444-ab53-0865acff2e89,Speed mean,147.725,26741.1,26593.375,18001.946183787444
39ac810d-ac4b-4444-ab53-0865acff2e89,Convergency,20.0,0.0,-20.0,-100.0
39ac810d-ac4b-4444-ab53-0865acff2e89,Residue pr-t,0.213359,2.95589,2.742531,1285.406755749699
39ac810d-ac4b-4444-ab53-0865acff2e89,1st order sm,2.31723,10.0688,7.751569999999999,334.51880046434746
39ac810d-ac4b-4444-ab53-0865acff2e89,Ang Sp Power,4.29007e-05,0.000508741,0.00046584029999999997,1085.8571072266886
39ac810d-ac4b-4444-ab53-0865acff2e89,L hemi-pr,2.09433,0.238881,-1.8554489999999997,-88.59391786394694
39ac810d-ac4b-4444-ab53-0865acff2e89,R-L hemi-pr,-0.120479,0.264736,0.38521500000000003,319.73621959013605
39ac810d-ac4b-4444-ab53-0865acff2e89,Speed peak,464.034,479915.0,479450.966,103322.37853260753
39ac810d-ac4b-4444-ab53-0865acff2e89,Residue sp-t,0.627474,907.288,906.660526,144493.72021788952
39ac810d-ac4b-4444-ab53-0865acff2e89,Speed Freq,3.52484,22.2522,18.727359999999997,531.2967397101711
39ac810d-ac4b-4444-ab53-0865acff2e89,slope_3,14.2002,82529.0,82514.7998,581081.9551837298
39ac810d-ac4b-4444-ab53-0865acff2e89,tightness (Up-Lw),0.00465454,0.0,-0.00465454,-100.0
39ac810d-ac4b-4444-ab53-0865acff2e89,number of cycles,3.0,0.0,-3.0,-100.0
39ac810d-ac4b-4444-ab53-0865acff2e89,1st quad average median,7.34145,0.0,-7.34145,-100.0
39ac810d-ac4b-4444-ab53-0865acff2e89,DOS,0.650467,4.0,3.349533,514.9428026325701
39ac810d-ac4b-4444-ab53-0865acff2e89,R/L hemi-pr,0.904947,15.2469,14.341953,1584.8390016210897
39ac810d-ac4b-4444-ab53-0865acff2e89,2nd order z cr,31.0345,11.236,-19.7985,-63.79513122492709
39ac810d-ac4b-4444-ab53-0865acff2e89,Nor-power,0.00706338,0.0,-0.00706338,-100.0
d0838fe2-d593-43d3-88fe-8718bafdf3b7,100XNor-power,0.346736,7.74755,7.4008140000000004,2134.4233076461633
d0838fe2-d593-43d3-88fe-8718bafdf3b7,Pressure Power,0.130913,14.3061,14.175187000000001,10827.944512768023
d0838fe2-d593-43d3-88fe-8718bafdf3b7,slope_2,132.753,3046.34,2913.587,2194.742868334426
d0838fe2-d593-43d3-88fe-8718bafdf3b7,traxis_pw3,40.4804,462.482,422.00160000000005,1042.483769923222
d0838fe2-d593-43d3-88fe-8718bafdf3b7,2nd order sm,3.95341,-7.42722,-11.38063,-287.86870069130197
d0838fe2-d593-43d3-88fe-8718bafdf3b7,Ang Sp Freq,2.64202,139.759,137.11697999999998,5189.853975367332
d0838fe2-d593-43d3-88fe-8718bafdf3b7,3rd quad average median,7.30537,0.0,-7.30537,-100.0
d0838fe2-d593-43d3-88fe-8718bafdf3b7,Speed mean slope,23.3499,12808.4,12785.0501,54754.196377714674
d0838fe2-d593-43d3-88fe-8718bafdf3b7,traxis_dir3,10.0,90.0,80.0,800.0
d0838fe2-d593-43d3-88fe-8718bafdf3b7,tightness (Lf),0.15163,0.0,-0.15163,-100.0
d0838fe2-d593-43d3-88fe-8718bafdf3b7,tightness (Rt),0.12456,0.0,-0.12456,-100.0
d0838fe2-d593-43d3-88fe-8718bafdf3b7,traxis_pol1,0.983978,1.0,0.01602199999999998,1.6282884373431092
d0838fe2-d593-43d3-88fe-8718bafdf3b7,tightness (Lw),0.124514,0.0,-0.124514,-100.0
d0838fe2-d593-43d3-88fe-8718bafdf3b7,Cal Tremor,1.0,1.0,0.0,0.0
d0838fe2-d593-43d3-88fe-8718bafdf3b7,Tightness,0.12456,0.00808089,-0.11647911,-93.51245183044315
d0838fe2-d593-43d3-88fe-8718bafdf3b7,mean amp. (cm),1e-05,1e-05,0.0,0.0
d0838fe2-d593-43d3-88fe-8718bafdf3b7,Catgo,2.0,7.0,5.0,250.0
d0838fe2-d593-43d3-88fe-8718bafdf3b7,tightness (Rt-Lf),-0.0270695,0.0,0.0270695,100.0
d0838fe2-d593-43d3-88fe-8718bafdf3b7,slope_1,269.418,3981.88,3712.462,1377.9561870402126
d0838fe2-d593-43d3-88fe-8718bafdf3b7,2nd quad average median,6.75095,0.0,-6.75095,-100.0
d0838fe2-d593-43d3-88fe-8718bafdf3b7,X Power,0.175081,0.0,-0.175081,-100.0
d0838fe2-d593-43d3-88fe-8718bafdf3b7,ratio,-0.014521,0.530102,0.544623,3750.5888024240753
d0838fe2-d593-43d3-88fe-8718bafdf3b7,traxis_fr1,3.33124,38.2901,34.95886,1049.4248387987657
d0838fe2-d593-43d3-88fe-8718bafdf3b7,X Freq,5.25531,0.0,-5.25531,-100.0
d0838fe2-d593-43d3-88fe-8718bafdf3b7,Residue theta-r,0.254577,0.29037,0.03579300000000002,14.059793304186954
d0838fe2-d593-43d3-88fe-8718bafdf3b7,tightness (Up),0.127449,0.0,-0.127449,-100.0
d0838fe2-d593-43d3-88fe-8718bafdf3b7,Speed Power,82.1983,921965.0,921882.8017,1121535.1189744798
d0838fe2-d593-43d3-88fe-8718bafdf3b7,Pressure Freq,2.17828,5.66605,3.4877700000000003,160.1157794222965
d0838fe2-d593-43d3-88fe-8718bafdf3b7,1st order z cr,12.0939,0.0,-12.0939,-100.0
d0838fe2-d593-43d3-88fe-8718bafdf3b7,traxis_pol3,0.907243,1.0,0.09275699999999998,10.224052431377258
d0838fe2-d593-43d3-88fe-8718bafdf3b7,Y Freq,5.28403,143.588,138.30397,2617.395624173216
d0838fe2-d593-43d3-88fe-8718bafdf3b7,Y Power,0.0490333,40.3953,40.3462667,82283.40066852527
d0838fe2-d593-43d3-88fe-8718bafdf3b7,Sampling frequency,117.627,1960.45,1842.823,1566.6666666666667
d0838fe2-d593-43d3-88fe-8718bafdf3b7,Speed mean,128.955,3081.73,2952.775,2289.7716257609245
d0838fe2-d593-43d3-88fe-8718bafdf3b7,traxis_pol2,0.975076,1.0,0.024923999999999946,2.5561084469313102
d0838fe2-d593-43d3-88fe-8718bafdf3b7,Convergency,20.0,90.0,70.0,350.0
d0838fe2-d593-43d3-88fe-8718bafdf3b7,std of amp.,1e-05,1e-05,0.0,0.0
d0838fe2-d593-43d3-88fe-8718bafdf3b7,traxis_pw1,175.321,740.417,565.096,322.32077161321234
d0838fe2-d593-43d3-88fe-8718bafdf3b7,traxis_pw2,111.034,713.181,602.147,542.3086622115749
d0838fe2-d593-43d3-88fe-8718bafdf3b7,Residue pr-t,0.171109,0.0325621,-0.13854690000000003,-80.96996651257386
d0838fe2-d593-43d3-88fe-8718bafdf3b7,1st order sm,3.97348,67.035,63.061519999999994,1587.060209186909
d0838fe2-d593-43d3-88fe-8718bafdf3b7,traxis_dir1,20.0,90.0,70.0,350.0
d0838fe2-d593-43d3-88fe-8718bafdf3b7,Ang Sp Power,1.09887e-05,3.93308e-05,2.83421e-05,257.9204091475789
d0838fe2-d593-43d3-88fe-8718bafdf3b7,L hemi-pr,1.71341,11.7362,10.02279,584.9615678675857
d0838fe2-d593-43d3-88fe-8718bafdf3b7,Speed peak,372.805,92333.6,91960.79500000001,24667.264387548454
d0838fe2-d593-43d3-88fe-8718bafdf3b7,Residue sp-t,0.984,143.39,142.40599999999998,14472.154471544713
d0838fe2-d593-43d3-88fe-8718bafdf3b7,Speed Freq,4.39379,11.487,7.09321,161.43716472566965
d0838fe2-d593-43d3-88fe-8718bafdf3b7,slope_3,-3.91222,2110.8,2114.7122200000003,54054.0209906396
d0838fe2-d593-43d3-88fe-8718bafdf3b7,tightness (Up-Lw),0.0029342,0.0,-0.0029342,-100.0
d0838fe2-d593-43d3-88fe-8718bafdf3b7,number of cycles,4.0,0.0,-4.0,-100.0
d0838fe2-d593-43d3-88fe-8718bafdf3b7,DOS,2.36873,4.0,1.6312700000000002,68.86686114500176
d0838fe2-d593-43d3-88fe-8718bafdf3b7,traxis_fr2,5.05429,99.5542,94.49991,1869.697029652038
d0838fe2-d593-43d3-88fe-8718bafdf3b7,2nd order z cr,21.2996,0.0,-21.2996,-100.0
d0838fe2-d593-43d3-88fe-8718bafdf3b7,traxis_dir2,20.0,90.0,70.0,350.0
d0838fe2-d593-43d3-88fe-8718bafdf3b7,Nor-power,0.00346736,0.0774755,0.07400814,2134.4233076461633
d0838fe2-d593-43d3-88fe-8718bafdf3b7,traxis_fr3,6.43273,86.1527,79.71996999999999,1239.2867413990637
d0838fe2-d593-43d3-88fe-8718bafdf3b7,max amp. (cm),1e-05,1e-05,0.0,0.0
26f4cd06-d07a-4092-b695-657ab2d873a7,100XNor-power,0.602606,4.75153,4.148924,688.4969615304196
26f4cd06-d07a-4092-b695-657ab2d873a7,Pressure Power,0.243379,10.9949,10.751521,4417.604230438945
26f4cd06-d07a-4092-b695-657ab2d873a7,slope_2,192.17,243.104,50.934000000000026,26.504657334651625
26f4cd06-d07a-4092-b695-657ab2d873a7,2nd order sm,0.184536,-3.549,-3.733536,-2023.2019768500454
26f4cd06-d07a-4092-b695-657ab2d873a7,Ang Sp Freq,2.73631,0.0,-2.73631,-100.0
26f4cd06-d07a-4092-b695-657ab2d873a7,3rd quad average median,7.36448,0.0,-7.36448,-100.0
26f4cd06-d07a-4092-b695-657ab2d873a7,Speed mean slope,38.1716,1173.47,1135.2984000000001,2974.1965230695077
26f4cd06-d07a-4092-b695-657ab2d873a7,tightness (Lf),0.159725,0.0,-0.159725,-100.0
26f4cd06-d07a-4092-b695-657ab2d873a7,tightness (Rt),0.142303,0.0,-0.142303,-100.0
26f4cd06-d07a-4092-b695-657ab2d873a7,traxis_pol1,0.936672,1.0,0.06332800000000005,6.760957944723452
26f4cd06-d07a-4092-b695-657ab2d873a7,tightness (Lw),0.145493,0.0,-0.145493,-100.0
26f4cd06-d07a-4092-b695-657ab2d873a7,Cal Tremor,1.0,1.0,0.0,0.0
26f4cd06-d07a-4092-b695-657ab2d873a7,Tightness,0.141026,0.00466028,-0.13636572000000002,-96.69544622977324
26f4cd06-d07a-4092-b695-657ab2d873a7,mean amp. (cm),1e-05,1e-05,0.0,0.0
26f4cd06-d07a-4092-b695-657ab2d873a7,Catgo,1.0,7.0,6.0,600.0
26f4cd06-d07a-4092-b695-657ab2d873a7,tightness (Rt-Lf),-0.0174218,0.0,0.0174218,100.0
26f4cd06-d07a-4092-b695-657ab2d873a7,slope_1,399.799,887.373,487.57400000000007,121.95478227809477
26f4cd06-d07a-4092-b695-657ab2d873a7,2nd quad average median,6.33815,0.0,-6.33815,-100.0
26f4cd06-d07a-4092-b695-657ab2d873a7,X Power,0.000348343,0.0,-0.000348343,-100.0
26f4cd06-d07a-4092-b695-657ab2d873a7,ratio,-0.0386698,-0.452082,-0.4134122,-1069.08285018283
26f4cd06-d07a-4092-b695-657ab2d873a7,traxis_fr1,3.26029,20.76,17.49971,536.7531722638171
26f4cd06-d07a-4092-b695-657ab2d873a7,X Freq,1.74658,0.0,-1.74658,-100.0
26f4cd06-d07a-4092-b695-657ab2d873a7,Residue theta-r,0.288608,0.0675931,-0.22101489999999996,-76.5796166426433
26f4cd06-d07a-4092-b695-657ab2d873a7,tightness (Up),0.140581,0.0,-0.140581,-100.0
26f4cd06-d07a-4092-b695-657ab2d873a7,Speed Power,64.6655,128943.0,128878.3345,199299.98917506245
26f4cd06-d07a-4092-b695-657ab2d873a7,Pressure Freq,2.42344,4.42328,1.9998400000000003,82.520714356452
26f4cd06-d07a-4092-b695-657ab2d873a7,1st order z cr,7.52212,0.0,-7.52212,-100.0
26f4cd06-d07a-4092-b695-657ab2d873a7,Y Freq,1.45549,98.8985,97.44301,6694.859463136126
26f4cd06-d07a-4092-b695-657ab2d873a7,Y Power,0.000247314,42.202,42.201752686,17064037.088882957
26f4cd06-d07a-4092-b695-657ab2d873a7,Sampling frequency,119.233,1181.02,1061.787,890.5143710214453
26f4cd06-d07a-4092-b695-657ab2d873a7,Speed mean,164.377,1366.57,1202.193,731.3632685838043
26f4cd06-d07a-4092-b695-657ab2d873a7,Convergency,5.0,90.0,85.0,1700.0
26f4cd06-d07a-4092-b695-657ab2d873a7,std of amp.,1e-05,1e-05,0.0,0.0
26f4cd06-d07a-4092-b695-657ab2d873a7,traxis_pw1,190.461,1677.21,1486.749,780.6054782868933
26f4cd06-d07a-4092-b695-657ab2d873a7,Residue pr-t,0.225664,0.0157395,-0.2099245,-93.02524992909812
26f4cd06-d07a-4092-b695-657ab2d873a7,1st order sm,3.02353,71.1972,68.17367,2254.770748099076
26f4cd06-d07a-4092-b695-657ab2d873a7,traxis_dir1,5.0,90.0,85.0,1700.0
26f4cd06-d07a-4092-b695-657ab2d873a7,Ang Sp Power,2.37641e-05,0.0,-2.37641e-05,-100.0
26f4cd06-d07a-4092-b695-657ab2d873a7,4th quad average median,6.55878,0.0,-6.55878,-100.0
26f4cd06-d07a-4092-b695-657ab2d873a7,L hemi-pr,1.70906,8.83033,7.12127,416.6775888500111
26f4cd06-d07a-4092-b695-657ab2d873a7,Speed peak,321.201,21986.2,21664.999,6744.997369248538
26f4cd06-d07a-4092-b695-657ab2d873a7,Residue sp-t,0.717418,42.1193,41.401882,5770.956680763516
26f4cd06-d07a-4092-b695-657ab2d873a7,Speed Freq,1.97946,13.2634,11.283940000000001,570.051428167278
26f4cd06-d07a-4092-b695-657ab2d873a7,slope_3,-15.4601,-401.166,-385.7059,-2494.847381323536
26f4cd06-d07a-4092-b695-657ab2d873a7,tightness (Up-Lw),-0.00491256,0.0,0.00491256,100.0
26f4cd06-d07a-4092-b695-657ab2d873a7,number of cycles,5.0,0.0,-5.0,-100.0
26f4cd06-d07a-4092-b695-657ab2d873a7,DOS,0.812481,4.0,3.187519,392.3192050029478
26f4cd06-d07a-4092-b695-657ab2d873a7,2nd order z cr,25.2212,0.0,-25.2212,-100.0
26f4cd06-d07a-4092-b695-657ab2d873a7,Nor-power,0.00602606,0.0475153,0.041489240000000004,688.4969615304196
26f4cd06-d07a-4092-b695-657ab2d873a7,max amp. (cm),1e-05,1e-05,0.0,0.0
70523a5c-167e-44de-801c-852919c5c52d,100XNor-power,0.417558,0.0,-0.417558,-100.0
70523a5c-167e-44de-801c-852919c5c52d,Pressure Power,0.211947,0.0,-0.211947,-100.0
70523a5c-167e-44de-801c-852919c5c52d,slope_2,145.886,10797.9,10652.014,7301.601250291323
70523a5c-167e-44de-801c-852919c5c52d,2nd order sm,2.43403,-7.77549,-10.20952,-419.44922618044967
70523a5c-167e-44de-801c-852919c5c52d,Ang Sp Freq,1.31473,449.273,447.95827,34072.263506575495
70523a5c-167e-44de-801c-852919c5c52d,3rd quad average median,9.03041,0.0,-9.03041,-100.0
70523a5c-167e-44de-801c-852919c5c52d,Speed mean slope,26.9444,207938.0,207911.0556,771629.9327504045
70523a5c-167e-44de-801c-852919c5c52d,tightness (Lf),0.108461,0.0,-0.108461,-100.0
70523a5c-167e-44de-801c-852919c5c52d,tightness (Rt),0.110803,0.0,-0.110803,-100.0
70523a5c-167e-44de-801c-852919c5c52d,tightness (Lw),0.110105,0.0,-0.110105,-100.0
70523a5c-167e-44de-801c-852919c5c52d,Cal Tremor,1.0,0.0,-1.0,-100.0
70523a5c-167e-44de-801c-852919c5c52d,Tightness,0.108461,0.0066146,-0.1018464,-93.90140234738755
70523a5c-167e-44de-801c-852919c5c52d,Catgo,1.0,1.0,0.0,0.0
70523a5c-167e-44de-801c-852919c5c52d,tightness (Rt-Lf),0.0023423,0.0,-0.0023423,-100.0
70523a5c-167e-44de-801c-852919c5c52d,slope_1,185.598,25611.6,25426.001999999997,13699.502149807646
70523a5c-167e-44de-801c-852919c5c52d,2nd quad average median,9.99111,0.0,-9.99111,-100.0
70523a5c-167e-44de-801c-852919c5c52d,X Power,0.262795,0.0,-0.262795,-100.0
70523a5c-167e-44de-801c-852919c5c52d,ratio,0.572059,-0.156798,-0.728857,-127.4094105677911
70523a5c-167e-44de-801c-852919c5c52d,X Freq,10.7223,0.0,-10.7223,-100.0
70523a5c-167e-44de-801c-852919c5c52d,Residue theta-r,0.158931,0.357244,0.19831300000000002,124.77930674317787
70523a5c-167e-44de-801c-852919c5c52d,tightness (Up),0.108856,0.0,-0.108856,-100.0
70523a5c-167e-44de-801c-852919c5c52d,Speed Power,123.866,3672860.0,3672736.134,2965088.187234592
70523a5c-167e-44de-801c-852919c5c52d,Pressure Freq,2.24942,0.0,-2.24942,-100.0
70523a5c-167e-44de-801c-852919c5c52d,1st order z cr,12.22,0.0,-12.22,-100.0
70523a5c-167e-44de-801c-852919c5c52d,Y Freq,10.8392,181.437,170.5978,1573.8965975348735
70523a5c-167e-44de-801c-852919c5c52d,Y Power,0.108321,3.67543e-11,-0.1083209999632457,-99.9999999660691
70523a5c-167e-44de-801c-852919c5c52d,Sampling frequency,119.669,8847.22,8727.551,7293.075901026999
70523a5c-167e-44de-801c-852919c5c52d,Speed mean,123.881,10162.0,10038.119,8103.033556396865
70523a5c-167e-44de-801c-852919c5c52d,Convergency,15.0,0.0,-15.0,-100.0
70523a5c-167e-44de-801c-852919c5c52d,Residue pr-t,0.178158,0.0168156,-0.1613424,-90.56141178055434
70523a5c-167e-44de-801c-852919c5c52d,1st order sm,3.74277,69.1659,65.42312999999999,1747.986918779406
70523a5c-167e-44de-801c-852919c5c52d,Ang Sp Power,2.85797e-05,5.13728e-05,2.2793099999999997e-05,79.75276157552388
70523a5c-167e-44de-801c-852919c5c52d,4th quad average median,8.58431,0.0,-8.58431,-100.0
70523a5c-167e-44de-801c-852919c5c52d,L hemi-pr,1.66206,10.4751,8.813039999999999,530.2480054871664
70523a5c-167e-44de-801c-852919c5c52d,Speed peak,347.12,266061.0,265713.88,76548.13321041715
70523a5c-167e-44de-801c-852919c5c52d,Residue sp-t,0.961466,322.988,322.026534,33493.28358985133
70523a5c-167e-44de-801c-852919c5c52d,Speed Freq,1.31473,25.9196,24.60487,1871.4770333072188
70523a5c-167e-44de-801c-852919c5c52d,slope_3,106.173,-4015.84,-4122.013,-3882.355212718864
70523a5c-167e-44de-801c-852919c5c52d,tightness (Up-Lw),-0.00124975,0.0,0.00124975,100.0
70523a5c-167e-44de-801c-852919c5c52d,number of cycles,3.0,0.0,-3.0,-100.0
70523a5c-167e-44de-801c-852919c5c52d,DOS,1.73022,4.0,2.26978,131.18447365074962
70523a5c-167e-44de-801c-852919c5c52d,2nd order z cr,24.8473,0.0,-24.8473,-100.0
70523a5c-167e-44de-801c-852919c5c52d,Nor-power,0.00417558,0.0,-0.00417558,-100.0
